{
    "defaultSeverity": "error",
    "extends": ["tslint:recommended", "tslint-config-airbnb"],
    "jsRules": {
      "no-unused-expression": true
    },
    "rules": {
      "max-line-length": [true, 150],
      "prefer-template": false,
      "interface-name": [true, "never-prefix"],
      "import-name": false,
      "no-console": false,
      "object-literal-sort-keys": false,
      "disable-next-line": ["align", "no-trailing-whitespace"],
      "max-classes-per-file": true,
      "no-parameter-reassignment": false,
      "jsdoc-format": false
    },
    "rulesDirectory": []
  }
  